Postcode;Competitors
54298;1
78267;4
52062;2
52064;1
52066;0
52068;0
52070;0
52072;3
52074;2
52076;2
52078;0
52080;4
73430;3
73431;1
73432;0
73433;0
73434;1
65326;1
25560;1
29416;1
19322;2
38871;0
06543;1
91183;1
01623;1
93326;2
55767;0
94036;1
91720;1
74232;0
06628;2
99713;0
06888;0
73453;4
69518;4
97355;3
55568;1
88147;0
83552;2
77855;1
28832;0
38312;1
94250;0
88480;4
56729;1
56299;2
24239;1
25917;1
39343;1
16259;0
17213;4
25842;2
73099;4
37139;3
98646;1
29352;4
73486;0
85111;0
01561;0
91325;1
74740;1
82276;1
91587;3
86477;1
86559;1
53518;1
67742;0
38528;3
21365;0
31079;4
06408;2
38838;0
73479;0
83364;3
84166;2
18211;2
08626;2
25572;0
31855;1
71563;0
86444;3
27257;2
54689;1
56355;0
21684;1
74858;1
84168;2
48683;2
27367;3
17375;1
29693;0
24811;2
59227;2
59229;1
21702;2
04916;1
06313;1
98553;1
38489;0
34292;0
24996;0
29353;2
31708;1
94345;1
94527;4
74744;1
96482;1
95491;2
83739;1
53506;0
23623;1
22926;0
14974;4
15864;3
16356;2
18320;3
25853;3
24787;0
25885;3
94529;1
86551;3
83565;3
83329;1
73101;0
86479;1
78733;1
88317;3
72631;3
73773;0
94501;1
97491;1
71134;1
84089;0
56459;1
86447;4
83404;1
89344;1
94330;2
79677;1
84137;4
88319;4
87648;1
09326;1
06385;1
99100;1
83544;0
79774;2
93449;1
07646;0
25767;1
73095;4
06268;1
06279;0
76857;1
57614;4
16818;1
19260;2
97320;2
66871;1
55234;2
67308;1
98529;2
17291;2
23909;1
72458;0
72459;3
72461;1
52457;0
78554;0
86733;1
91793;2
86480;0
56859;1
73553;1
31061;2
91236;0
49594;2
56828;1
27432;4
53347;0
39638;1
31191;0
86926;4
38551;3
36211;1
39398;2
56332;3
99310;1
25938;1
55758;1
07426;0
35108;3
35469;4
56370;2
55595;1
78476;1
90584;2
98701;3
85391;3
88422;2
82239;2
86695;0
88348;0
89604;3
71573;2
01983;0
06507;0
06542;2
25821;0
57610;0
46519;1
57642;2
99195;2
72275;1
53547;2
56237;1
64665;1
52477;2
54668;2
57518;3
67821;2
36304;1
67577;0
06425;1
24848;1
14822;1
14656;4
18233;1
24791;3
15526;2
19303;2
18236;1
18299;1
19288;1
16928;0
18581;2
16837;1
15518;0
15306;2
19069;0
23881;4
19412;4
23992;4
17217;1
16827;0
17192;4
17214;1
15859;4
17129;4
15328;3
19230;1
15913;1
73776;3
15320;1
76726;0
39387;1
03229;4
67482;2
71155;1
72655;0
84032;2
90518;4
18573;0
93087;1
58762;3
53505;2
04931;2
38707;2
04828;1
55585;1
33184;3
01773;3
07768;3
48341;4
07338;1
38889;1
97901;2
04600;2
65624;2
01855;2
92540;3
96146;1
07356;1
66885;0
99991;1
17091;0
16244;1
17209;1
24340;1
54636;1
54655;0
67677;0
24161;3
18556;1
66903;0
23730;1
96264;2
83352;1
29575;2
25335;0
86450;0
18445;1
72657;1
06642;2
63674;2
86972;4
89281;1
92665;1
72213;2
93177;1
17087;1
39171;0
39596;0
56288;4
98587;3
97237;2
56130;1
14913;0
84169;0
16278;1
82278;1
88499;2
89174;2
89605;1
91788;4
75382;2
66484;1
71566;2
16247;1
06800;1
17179;1
04626;2
15345;0
56858;0
67317;0
16775;0
68804;3
54492;2
93336;1
39624;0
09648;1
85250;1
19294;0
04643;1
84503;1
54518;2
67122;2
15910;0
88361;1
17166;2
16798;1
87452;3
55469;2
17379;0
24214;0
25486;2
63755;0
55232;1
21227;4
82493;1
34497;1
61200;2
21706;1
65385;1
34127;4
66849;1
76889;4
38350;4
16766;0
86854;0
92224;0
21385;0
83123;0
86735;2
39439;0
54673;1
54675;3
07407;0
72119;3
99974;1
90614;0
22949;2
92260;2
35287;3
63916;2
84539;3
06317;1
73340;0
09439;2
88279;3
25840;4
37434;1
82346;1
36452;2
38836;1
27446;4
56626;3
49832;1
99189;2
74918;2
35719;0
67346;4
99338;1
83454;3
39326;1
06179;3
56584;1
37308;0
17219;4
17389;0
49577;1
18239;4
67098;4
09456;1
06925;2
01994;1
06308;1
83368;1
76855;2
59609;2
91522;2
82387;2
36326;0
53533;1
85646;0
31552;1
26689;1
38486;3
21641;1
86974;0
99192;0
87742;2
99510;2
21279;0
27616;0
25482;2
55437;0
99768;3
74597;2
77767;0
83376;0
56769;4
91722;1
39619;1
06369;3
37318;4
14827;4
03253;2
86561;1
88260;0
55496;2
37627;1
83374;1
25860;4
55288;0
24616;1
21769;0
93471;1
24399;0
07330;0
59755;0
59757;2
59759;2
59821;1
59823;4
93473;1
01477;1
06917;3
07318;1
07952;4
56244;0
06333;4
56379;0
97450;3
94424;1
24634;4
23948;0
93474;1
06556;4
21380;1
56337;2
04886;2
95659;1
54687;2
53567;1
89522;4
98574;0
86663;1
94347;4
63739;3
63741;1
63743;2
99958;1
83229;0
84544;1
67753;1
24326;1
59387;0
24358;4
26871;4
98634;2
37412;1
06449;1
85609;3
21271;2
27330;0
71546;4
99880;3
21388;4
38822;2
71679;2
55459;1
97959;4
89176;3
35614;0
85617;0
57627;1
06901;3
57439;4
84091;0
85395;1
88448;1
03172;4
94348;3
57629;3
39443;1
76474;1
79280;1
83546;0
84072;3
97239;3
97633;4
04838;4
56766;1
08280;2
56357;4
55569;3
71549;1
08209;1
09392;0
91275;4
94530;2
95703;1
99518;2
31749;2
93089;1
82282;0
91347;2
79424;1
86150;2
86152;1
86153;3
86154;1
86156;1
86157;3
86159;1
86161;0
86163;0
86165;2
86167;2
86169;2
86179;1
86199;0
32832;0
09573;1
31553;1
86736;1
74564;1
24613;4
99765;1
88326;1
65582;2
39615;1
07955;2
21521;3
97717;4
97773;0
91589;4
91086;1
26603;1
26605;1
26607;4
24975;1
39393;1
94532;2
04849;1
25548;0
54597;0
54664;0
94568;0
25927;0
25715;2
06922;0
27729;1
85653;3
54441;1
86482;2
99198;0
18586;0
86674;0
85107;0
19309;1
06388;0
03246;0
64832;0
87727;1
83547;1
17237;1
93090;1
55422;2
96528;0
89429;2
89431;2
84428;0
71522;3
93077;4
83043;0
95680;1
34454;3
82435;2
27624;0
79415;1
48455;1
76887;1
99438;2
57319;1
95460;1
56864;2
29549;0
06647;1
84364;2
07422;3
97708;1
29389;1
08648;0
24576;1
53498;1
97769;1
65520;1
98663;1
73342;0
18209;1
33014;1
06231;1
78073;0
31707;3
08645;1
34308;2
35080;2
83093;1
49152;0
83075;1
06567;1
74177;2
94072;1
37581;0
01816;1
94086;1
87730;2
37539;1
38667;1
83670;4
76332;2
36251;1
61348;0
61350;0
61352;1
53604;0
53557;0
49186;1
34385;0
97688;3
23996;0
07639;1
82433;1
64732;4
97631;0
07586;1
55543;4
55545;3
79189;3
57334;1
49196;0
99947;2
06246;4
04651;1
37431;1
36448;1
04924;2
75378;0
33175;1
56470;1
97980;1
31848;1
55583;0
53902;2
02953;1
61231;1
31542;0
53474;1
97616;1
32545;0
32547;1
32549;0
23843;0
63619;4
77740;1
31812;3
74906;1
83435;2
77776;2
96476;1
49214;1
37441;1
79713;1
31162;4
36364;3
32105;4
32107;0
32108;2
36433;4
59505;0
01814;0
06905;2
76669;1
88427;3
65307;0
23611;2
23795;1
55566;0
65812;0
63628;3
37242;2
96231;1
95138;1
18334;3
75385;1
99955;3
83646;1
73337;1
72574;1
61118;1
88339;2
83707;1
75323;1
34537;3
19336;1
74206;1
91438;4
86825;2
33181;0
88410;4
34596;2
26160;1
49635;0
38271;2
06493;2
19258;1
54657;3
76530;2
76532;0
76534;1
23619;1
56291;2
37534;0
55576;1
79410;2
39579;3
64754;1
19209;3
99706;0
19348;3
52499;0
17326;1
03130;2
14778;0
19089;1
79353;2
14715;2
04895;2
88441;2
38459;1
03249;1
27245;1
25569;0
23845;4
01819;1
15898;1
88255;1
84171;4
82065;0
73079;1
85625;1
72270;2
91083;0
87650;3
14806;4
49456;1
87538;2
85598;4
54314;2
65558;0
31609;1
78582;2
06632;1
72336;2
21730;4
89177;4
39606;1
79282;0
99869;4
99439;3
19300;0
73666;4
26579;3
58802;1
86483;1
88481;1
96047;0
96049;1
96050;3
96052;0
69245;1
19249;1
19273;1
17506;4
18258;1
66851;1
56424;2
23769;1
01728;1
31029;1
16868;0
19246;0
16835;1
54619;1
19079;4
93092;1
39249;1
36456;2
21357;0
55483;2
73655;0
66996;4
21397;0
23936;1
73529;0
16727;4
01768;1
09471;1
78580;0
16866;2
25704;1
23863;3
25563;1
17398;0
24806;0
21698;1
24793;1
22941;0
23826;2
24360;1
25791;1
24863;1
19395;1
39179;1
25719;0
24245;0
25355;3
95671;4
23968;1
23858;1
01471;2
21406;1
49406;0
32683;0
24217;2
22885;2
16845;0
30890;1
26676;1
18314;2
18356;0
73566;0
17089;2
29576;0
15837;2
49453;1
38476;0
53534;1
55606;2
54578;3
16352;3
17139;1
21483;2
56220;1
27211;1
97654;3
21493;0
18230;0
35088;1
67271;0
99625;0
17328;1
15377;1
91460;3
98617;3
19372;1
18246;1
55774;1
96148;1
34225;1
54538;2
02625;1
49844;1
84092;1
94137;1
67808;4
94252;2
83457;0
95444;3
95445;1
95447;3
95448;2
83735;1
23816;0
99976;1
87770;1
36179;2
56132;1
23923;0
55608;3
67827;4
66894;1
91572;0
99428;1
67595;0
92699;4
21643;0
31699;1
31698;1
27243;1
66955;2
17194;3
66701;1
59269;0
50181;0
47551;4
29355;3
48361;1
14547;2
17258;2
64743;0
15926;4
06198;1
15848;1
17111;1
23919;0
15868;0
18510;2
39356;0
25850;2
17498;1
24321;1
99326;1
98631;1
63543;2
04720;1
25573;1
08340;1
02736;2
38382;4
54662;2
92339;1
56814;0
71717;1
89179;1
67259;0
98660;1
54552;1
25554;1
25524;2
54340;0
24601;0
25557;2
04874;1
04683;2
56745;1
89287;1
36208;3
74357;2
76756;2
18292;1
17309;1
49191;1
56290;0
21785;4
73494;0
56203;4
56170;1
72658;0
23942;1
19339;3
19205;2
83671;3
67435;2
38877;2
71726;3
87734;1
06536;1
14789;1
98554;4
64625;4
18182;0
17429;2
23970;4
19217;0
55494;1
93176;4
92334;0
83471;2
76768;1
82335;4
83362;4
88276;4
92348;1
95180;3
86562;3
07980;1
88368;3
14641;0
49626;1
08239;1
18528;0
29303;0
29468;2
83346;1
91790;2
24861;0
25779;1
38467;1
16562;2
77791;1
56368;2
50126;3
50127;2
50129;1
86673;0
73249;3
17321;0
14558;3
89180;1
51427;4
51429;2
51465;4
51467;1
51469;2
06712;1
59192;1
85232;2
49459;3
55776;4
73663;2
85459;1
54426;1
67823;2
51702;1
19374;0
97493;1
97241;1
06773;1
39307;1
25575;0
99837;0
99826;4
37297;1
88450;1
16306;2
10115;1
10117;4
10119;2
10178;0
10179;1
10243;3
10245;4
10247;1
10249;2
10315;0
10317;4
10318;1
10319;4
10365;2
10367;2
10369;1
10405;1
10407;0
10409;1
10435;0
10437;2
10439;1
10551;0
10553;4
10555;3
10557;4
10559;4
10585;0
10587;1
10589;2
10623;2
10625;0
10627;3
10629;1
10707;1
10709;1
10711;1
10713;1
10715;0
10717;3
10719;1
10777;0
10779;3
10781;4
10783;3
10785;3
10787;2
10789;1
10823;0
10825;1
10827;1
10829;1
10961;2
10963;1
10965;0
10967;1
10969;2
10997;0
10999;3
12043;1
12045;1
12047;1
12049;3
12051;1
12053;2
12055;1
12057;1
12059;3
12099;2
12101;2
12103;3
12105;3
12107;2
12109;3
12157;2
12159;2
12161;2
12163;2
12165;0
12167;3
12169;3
12203;0
12205;3
12207;0
12209;1
12247;2
12249;0
12277;3
12279;3
12305;1
12307;0
12309;1
12347;2
12349;4
12351;2
12353;1
12355;2
12357;1
12359;2
12435;0
12437;2
12439;1
12459;4
12487;1
12489;2
12524;4
12526;0
12527;4
12555;2
12557;0
12559;1
12587;2
12589;0
12619;1
12621;1
12623;2
12627;0
12629;3
12679;4
12681;4
12683;2
12685;0
12687;2
12689;0
13051;0
13053;1
13055;1
13057;2
13059;2
13086;1
13088;1
13089;4
13125;1
13127;1
13129;0
13156;2
13158;2
13159;1
13187;0
13189;2
13347;2
13349;1
13351;4
13353;0
13355;1
13357;4
13359;1
13403;2
13405;1
13407;1
13409;4
13435;1
13437;3
13439;1
13465;1
13467;0
13469;2
13503;1
13505;3
13507;1
13509;4
13581;0
13583;3
13585;2
13587;2
13589;3
13591;2
13593;2
13595;0
13597;0
13599;4
13627;2
13629;2
14050;1
14052;0
14053;0
14055;2
14057;1
14059;1
14089;1
14109;0
14129;1
14163;1
14165;2
14167;1
14169;1
14193;0
14195;0
14197;1
14199;1
16909;2
54570;1
37339;2
88697;3
36419;2
67593;0
16321;1
79872;0
83233;1
86975;4
06406;0
27804;1
73312;2
92361;2
71560;1
93170;0
18249;1
54470;1
16515;0
82347;1
94505;0
08315;0
02994;1
09337;0
02748;1
89182;2
37355;3
56414;1
55777;0
49593;0
38835;2
02747;2
94565;0
39517;4
02763;0
26524;1
57632;2
54413;3
23738;2
25584;3
65614;1
23899;3
17039;0
74354;3
63856;1
15741;3
59909;1
08258;2
31032;1
07554;2
03238;0
54533;0
54646;1
21386;0
87743;3
91282;1
87488;4
16833;1
72291;0
04824;2
99819;2
07616;1
56283;1
06217;2
37327;1
56825;4
72660;4
88631;2
17268;0
73547;2
37639;0
37688;0
66450;1
06528;1
39264;3
77781;2
88400;2
98666;1
86485;1
89346;1
68647;4
19417;0
93354;3
83673;1
24392;1
64404;2
87651;1
97318;3
55546;4
97243;1
63599;1
55471;1
09629;4
35444;1
64584;2
35216;2
79215;2
39175;0
66917;2
15236;4
01945;0
33602;1
33604;4
33605;0
33607;3
33609;1
33611;1
33613;3
33615;1
33617;1
33619;1
33647;1
33649;0
33659;1
33689;4
33699;1
33719;2
33729;1
33739;2
99735;0
29553;4
39221;1
93195;1
53520;0
06343;0
16359;1
87640;1
76467;3
74321;1
48727;1
74842;2
76831;2
25485;0
06578;0
74862;0
39590;2
95463;2
15754;1
55411;3
72511;3
61203;1
31619;3
56754;1
86637;0
79589;1
73102;0
54587;1
92262;4
71364;0
69488;0
57589;1
55765;4
75217;1
97834;1
14979;0
67134;0
57587;4
07366;4
15366;0
63699;4
16547;2
15748;3
15831;1
19357;1
07336;1
65626;2
57612;0
84419;0
54574;1
63633;2
54634;1
96120;2
97836;4
03205;0
67294;2
01920;1
35649;3
37345;0
06295;2
95493;3
65474;4
97653;2
94253;1
01877;2
83483;3
76476;1
72406;0
17322;4
39629;2
29646;2
24582;1
49143;2
67281;1
73266;2
86657;0
67806;2
06749;4
72475;0
57539;4
93476;1
87544;3
63825;2
15827;1
99444;2
53945;3
56865;1
14959;1
66869;2
89143;3
83486;2
08318;2
74572;1
89134;3
08309;0
21354;1
54608;0
99752;1
24327;1
27337;1
17392;2
21640;1
99718;1
16269;1
14542;1
66440;1
23847;0
19306;2
85655;2
89434;2
26487;1
32825;1
25348;3
23974;1
78176;1
17337;0
24241;1
23813;1
16230;1
06766;1
67273;1
67240;2
08606;2
76891;3
82389;2
86399;4
73560;0
71032;0
71034;0
03222;2
94255;3
09627;1
76833;4
46395;0
46397;4
46399;1
14550;0
44787;1
44789;1
44791;1
44793;1
44795;3
44797;1
44799;1
44801;2
44803;2
44805;1
44807;1
44809;0
44866;0
44867;2
44869;0
44879;1
44892;2
44894;0
07589;1
08324;1
04703;4
31167;1
67278;3
26345;1
85461;0
26897;2
98673;4
04680;2
39359;3
19243;3
72411;1
07381;1
56412;2
01683;1
53539;3
37194;4
55294;1
84155;1
94249;2
37619;1
92439;3
66500;1
78351;2
88285;0
88131;2
24401;1
24405;1
26831;0
37691;2
94327;3
87736;1
01594;0
04564;0
04668;2
67459;2
89558;1
85113;1
49163;1
24220;1
21368;1
24802;4
25364;0
24797;2
25596;1
23717;1
38556;2
24860;2
67295;4
67292;0
16248;0
73087;2
55624;1
54669;1
15936;0
17207;0
24855;3
79283;0
24640;1
57648;1
19406;1
29699;0
71149;1
24620;0
56579;3
59199;1
54316;1
29413;3
53111;2
53113;1
53115;1
53117;1
53119;2
53121;4
53123;2
53125;1
53127;2
53129;1
53173;0
53175;1
53177;4
53179;0
53225;2
53227;1
53229;1
79848;0
25474;1
86486;2
87737;1
24598;2
73441;2
56154;4
33178;1
25852;1
54422;0
24589;4
34434;4
26904;1
33829;3
16556;1
24794;2
24857;0
34582;2
46325;0
26757;3
18375;2
39345;2
04552;0
39435;1
14828;1
01825;1
53332;0
55237;4
76879;1
25725;1
24619;1
56348;1
09437;2
21039;1
56346;4
67725;1
66904;4
04451;3
25376;1
27246;4
25494;0
09579;3
73104;1
23715;3
25899;3
24354;3
24306;2
26219;1
66887;0
78662;1
06895;0
27386;2
24250;1
66504;4
06571;2
78583;3
39164;0
46236;3
46238;4
46240;1
46242;2
46244;2
79268;0
66359;1
24796;1
37120;0
97957;1
02943;0
97944;0
24994;0
22145;4
57555;1
56727;4
06188;1
56761;1
63636;1
21438;1
37127;0
74336;2
25923;1
03096;2
26919;2
33034;0
06862;0
49565;2
27628;1
25926;0
95682;4
14770;0
14772;2
14774;4
14776;1
09618;0
89335;0
06785;1
04821;0
18519;2
83098;0
56338;1
54472;4
35619;3
07580;2
38700;1
73569;2
78199;1
74542;1
06242;0
38100;3
38102;1
38104;0
38106;1
38108;1
38110;3
38112;2
38114;2
38116;0
38118;1
38120;1
38122;0
38124;1
38126;2
01737;0
09212;1
09603;1
06577;0
06648;1
24888;4
65611;3
58339;4
27412;1
27726;0
17153;1
06796;1
35236;3
79206;0
83254;1
96151;0
67661;1
36287;2
66916;1
25597;1
94139;1
08359;1
87739;2
92363;3
21734;4
96149;2
39240;1
07806;2
55592;1
06547;1
67466;3
86488;0
89183;4
79874;1
35767;2
98597;2
94060;3
28195;2
28197;2
28199;0
28201;1
28203;0
28205;2
28207;1
28209;2
28211;0
28213;0
28215;2
28217;0
28219;0
28237;0
28239;4
28259;2
28277;1
28279;1
28307;1
28309;2
28325;2
28327;0
28329;0
28355;0
28357;2
28359;2
28717;1
28719;0
28755;0
28757;4
28759;1
28777;2
28779;2
27568;1
27570;1
27572;0
27574;2
27576;2
27578;2
27580;1
37620;0
67822;4
56588;2
15890;1
56651;4
93179;2
64395;1
23883;2
01900;3
75015;2
56479;0
55559;1
74626;4
64747;1
34479;1
37647;1
56321;1
25712;2
56867;4
56850;1
56829;0
56820;0
15757;3
01968;2
15295;1
21382;3
78086;3
59929;3
24816;4
26835;1
08491;2
06724;1
29356;3
49448;2
04509;2
24398;2
24864;0
24235;1
18184;4
56656;4
17099;0
25576;0
69434;0
64753;2
38465;3
59969;1
87757;1
19386;3
21514;2
98599;1
53572;1
27305;1
63486;1
66892;1
15370;2
76646;3
76872;2
85567;2
92436;0
84079;1
91590;0
82380;1
82515;2
83052;4
17159;0
31033;1
41379;3
50321;1
68782;1
89611;2
84405;2
93164;0
86564;1
63925;2
85649;1
22946;0
25541;2
38154;0
21524;2
17509;1
15749;4
19071;1
55270;1
91088;0
89347;1
78585;3
74532;4
84172;1
85656;1
89290;2
91592;3
07389;1
07751;1
98743;1
83371;2
86675;0
56823;2
99638;1
56340;2
98693;0
74722;1
79256;1
91186;2
87474;0
55491;1
88637;1
73577;1
74249;2
94533;2
14823;3
21244;1
23911;3
29690;1
31710;0
99762;0
54531;1
21481;2
94124;2
86807;2
74579;1
14793;1
31675;0
27333;1
91054;1
16945;0
17440;1
38372;1
24782;2
39291;4
55257;4
54610;2
63654;1
79426;2
77815;2
77830;0
74424;1
74426;3
74523;1
49685;1
06869;1
21782;0
18276;1
32257;1
55626;0
97494;0
57299;3
79683;1
56593;1
33142;1
02979;4
39288;1
56843;1
72379;3
17094;3
89331;0
87545;3
91593;1
56659;1
31303;0
38272;0
96138;2
86977;1
96152;1
36151;2
84489;2
86666;0
07907;2
06804;0
84508;2
96224;2
97724;4
93133;0
06184;0
91595;1
97496;1
88483;1
06636;4
97775;1
09217;1
63927;2
08538;1
71576;2
90559;0
35099;1
30938;0
06667;0
96154;4
15537;0
91596;1
97705;1
01906;1
07570;3
07819;0
09235;2
71111;4
72393;1
76835;4
51399;0
68642;1
89349;1
54424;2
21709;4
06926;1
24866;2
35418;0
78266;1
16816;1
25761;4
26969;2
64572;1
96155;0
86647;0
97244;1
99628;1
37359;3
35510;1
85114;1
87740;0
21614;3
21781;2
90556;0
38547;2
34379;1
67829;0
53424;1
75365;1
19067;0
07774;4
18195;3
35043;2
27632;1
49692;1
14548;2
67316;1
08325;0
15326;1
06618;3
44575;1
44577;0
44579;2
44581;1
99887;1
04758;0
29221;1
29223;2
29225;1
29227;1
29229;3
93413;3
93466;3
09111;1
09112;1
09113;4
09114;2
09116;0
09117;0
09119;1
09120;4
09122;1
09123;1
09125;0
09126;2
09127;3
09128;1
09130;2
09131;4
83339;1
83256;1
06386;1
98547;2
24799;1
25693;2
15806;2
25593;1
09322;4
66978;1
09236;0
38678;2
74389;2
29459;1
49661;3
96450;4
56812;1
48653;4
35091;0
97903;1
91598;0
01612;3
01738;2
66497;0
31863;1
31091;2
36219;0
01462;3
07985;3
01640;1
03042;4
03044;1
03046;4
03048;2
03050;2
03051;0
03052;3
03053;1
03054;0
03055;0
99330;1
97993;1
38162;2
95473;3
99831;0
07557;2
08451;0
08147;3
07924;3
67744;1
07613;2
02681;1
09474;1
02733;3
98744;1
27472;1
27474;1
27476;3
27478;1
57567;0
85221;2
91462;3
79875;0
84371;1
54649;0
25578;1
53949;1
04774;2
38170;2
23747;2
66994;1
88718;3
86653;1
24635;4
55278;2
14624;0
24361;2
17121;1
39539;2
18196;0
63874;0
49401;3
15299;1
94526;3
25776;1
56472;2
29472;2
24351;1
55432;1
14797;1
23824;0
24229;1
24329;2
38461;4
39649;3
29451;2
67814;2
24867;2
39245;1
67125;4
38855;2
17419;1
64283;0
64285;1
64287;1
64289;3
64291;1
64293;1
64295;4
64297;0
76848;1
86453;0
37586;2
45711;4
56589;1
78083;3
54550;1
72356;4
35232;2
55442;3
93152;0
75392;4
29386;2
53426;1
39599;3
94469;1
88693;3
73326;0
06686;2
67146;1
78586;0
92364;1
86738;0
21717;1
86489;1
82041;1
78652;1
73779;1
33129;2
66503;0
31073;4
57537;3
25786;2
27749;1
27751;3
27753;0
27755;0
25788;1
17109;2
73770;0
85095;1
78588;4
86920;3
38321;1
08393;0
91599;3
79211;1
39317;0
38895;0
36466;4
53507;2
56307;3
56428;3
57520;1
26906;1
31035;1
06842;1
06844;1
06846;2
06847;2
06849;3
26847;1
32756;2
32758;2
32760;1
97337;2
72135;1
76706;1
79802;0
72581;1
73265;1
88451;2
38173;4
06682;2
93180;2
54411;1
86989;2
21407;0
09548;1
04574;1
18513;1
14728;0
38530;0
91583;1
64807;4
57548;1
86420;1
99988;0
31199;2
25709;1
69234;1
67811;1
37633;0
34519;0
34474;1
17252;0
55276;0
31603;1
49356;3
01665;1
56269;1
18347;1
54523;4
91456;1
86911;0
19399;2
89165;0
90599;1
84378;1
91463;3
92542;1
92345;2
78661;4
36460;0
87463;1
83623;1
63128;1
98530;1
35716;4
55487;2
35683;2
35684;1
35685;3
35686;4
35687;3
35688;0
35689;2
35690;0
55481;1
66763;0
89407;2
54614;2
37351;0
84130;1
97497;1
24891;1
91550;0
86424;1
49413;2
46535;0
46537;0
46539;1
36160;4
01744;2
67246;2
89264;1
89561;1
49201;0
06484;2
97456;4
02788;2
67596;3
91723;2
71254;0
06928;4
75335;0
09306;1
14727;0
03159;0
02692;1
24232;1
06727;1
99441;1
79804;0
95182;0
01796;1
54576;1
01809;2
21255;2
49770;3
21739;2
24989;1
04928;2
91795;1
91601;1
04880;2
06420;1
03116;2
78166;3
93093;3
86609;4
97499;1
73072;1
32694;1
23972;1
09619;2
96487;2
97904;2
41539;1
41540;0
41541;1
41542;0
72358;3
91077;1
07778;0
65599;0
67585;2
72175;2
04808;1
89160;0
72280;1
26553;1
26892;2
25794;2
24869;1
55444;1
55452;4
46282;1
46284;2
46286;0
56281;1
44135;0
44137;1
44139;4
44141;1
44143;0
44145;0
44147;1
44149;0
44225;0
44227;2
44229;1
44263;1
44265;4
44267;0
44269;4
44287;1
44289;3
44309;2
44319;3
44328;4
44329;1
44339;4
44357;1
44359;1
44369;1
44379;1
44388;0
27313;1
74677;1
07429;2
69221;3
27801;1
72359;1
56305;1
03185;0
94256;0
39365;1
73345;1
21423;4
25582;1
25878;1
15938;1
31623;0
04938;1
09430;2
49457;1
18465;1
38875;4
63303;3
84164;2
67816;1
19376;2
48317;1
01067;1
01069;0
01097;1
01099;1
01108;1
01109;4
01127;4
01129;2
01139;1
01156;3
01157;0
01159;2
01169;0
01187;2
01189;1
01217;3
01219;4
01237;0
01239;1
01257;4
01259;1
01277;3
01279;1
01307;1
01309;1
01324;1
01326;2
01328;1
03197;1
35759;1
06456;1
57489;3
06722;4
23879;1
03149;3
54647;2
67731;1
67373;4
37115;1
93182;0
31089;3
47051;1
47053;3
47055;3
47057;0
47058;3
47059;1
47119;1
47137;2
47138;4
47139;0
47166;1
47167;2
47169;2
47178;2
47179;0
47198;1
47199;1
47226;3
47228;1
47229;1
47239;4
47249;0
47259;4
47269;2
47279;3
48249;1
19073;0
78655;2
26427;3
87471;2
77770;0
78589;2
78591;2
52349;2
52351;2
52353;3
52355;2
73568;0
88525;1
76448;0
73105;1
93437;1
08396;0
02708;1
89350;0
01833;3
91602;4
66989;0
40210;4
40211;1
40212;1
40213;0
40215;1
40217;2
40219;2
40221;0
40223;0
40225;1
40227;1
40229;1
40231;1
40233;3
40235;4
40237;1
40239;4
40468;1
40470;1
40472;1
40474;2
40476;4
40477;2
40479;1
40489;2
40545;0
40547;3
40549;1
40589;1
40591;1
40593;2
40595;0
40597;2
40599;1
40625;2
40627;3
40629;3
40721;1
72144;1
23898;0
49696;2
97500;1
82067;1
97896;1
96250;0
88370;2
69412;0
71735;2
82390;1
37136;0
88436;1
92263;0
91320;1
96106;2
02730;0
73061;3
88371;0
85560;1
08144;2
36157;1
07368;0
96237;1
86491;1
74246;3
16225;1
16227;2
67280;3
72224;1
83367;4
95683;1
73667;4
96157;0
79285;2
35085;1
29574;1
21379;2
82279;2
84174;0
85386;0
61209;2
55599;2
90542;4
95488;2
94374;4
92265;2
31234;1
67480;0
86739;2
34295;2
34549;0
67483;1
26188;4
68535;1
83533;1
91090;1
79588;1
63329;1
72227;1
82281;0
83379;2
78592;1
21272;3
24852;3
84307;1
76344;2
87653;1
83119;3
15374;1
17367;2
79805;2
84385;1
84546;0
91330;2
83125;2
25721;1
94535;2
82436;1
82544;2
86492;0
91349;3
85658;1
75059;1
15755;0
99102;0
85116;1
86676;1
86678;3
86741;0
89584;1
91725;1
56581;0
24647;0
71139;1
38468;1
36115;1
27248;1
09427;1
79238;0
85304;1
35630;4
02739;1
97246;2
73642;1
08233;2
67575;2
82223;1
67680;4
39167;0
63928;0
94428;2
36124;3
85072;0
79356;1
15732;0
29358;1
78253;2
31036;1
79591;1
37632;1
29578;0
37574;1
21444;2
64683;4
56751;3
85254;0
83549;3
99817;2
79871;2
07607;1
67304;1
87637;1
97247;0
67705;1
75239;1
97249;1
73054;2
85117;1
36132;0
73037;4
53783;4
85462;2
38274;4
57580;1
79692;4
65627;0
76477;1
89275;1
29351;0
99759;0
97725;2
98716;2
25845;1
57578;0
99334;3
08236;2
73488;1
56242;2
56821;1
25479;1
25373;4
55497;1
67158;1
86679;3
74248;2
91792;0
24870;0
99755;0
73485;2
89352;1
23869;0
18107;4
25336;1
25337;1
67471;1
27404;2
50189;0
24800;1
84094;3
63820;1
26931;1
25361;1
14627;0
06918;0
04523;1
04910;1
09481;0
97483;3
65343;4
65344;2
65345;3
65346;1
65347;4
65604;0
31008;4
74834;4
21409;2
24819;4
26721;1
26723;1
26725;1
89607;1
86494;0
88430;2
49824;4
25924;0
79312;2
29579;4
46446;4
82275;4
83550;1
31860;4
84547;2
78576;0
72186;1
48488;2
48282;1
91448;2
27321;2
95517;0
79346;1
48465;2
99898;1
84549;0
75331;0
21710;1
51766;4
91238;1
78234;2
32130;1
72829;1
72800;3
58256;2
59320;0
66806;1
92266;0
59469;1
57647;2
85307;0
75337;1
74925;1
78736;4
66571;4
69214;0
56759;2
66957;1
09575;1
94536;2
64859;4
75031;4
87745;1
65817;1
64711;2
89155;1
92681;1
61250;1
85435;2
71729;1
85253;0
86922;4
24803;0
25868;1
50374;1
99084;0
99085;0
99086;0
99087;3
99089;1
99091;4
99092;1
99094;1
99096;1
99097;1
99098;2
99099;1
91465;1
84030;3
84061;4
84513;3
94140;1
88097;2
41812;1
73268;1
87746;1
40699;1
08349;0
97250;1
91469;3
91052;1
91056;0
91058;0
08265;4
84567;1
09385;1
63906;3
74235;3
97837;1
67468;2
97840;2
88416;2
63526;0
74391;3
96126;1
06463;1
57339;1
85119;0
99894;0
98724;2
88453;0
53579;1
67167;1
57635;0
88521;4
59597;1
67685;1
64390;1
54585;1
63863;0
79427;2
65760;4
78664;1
49828;2
29348;2
74927;3
73107;1
92676;1
35713;1
82438;2
96523;3
93458;0
37269;1
52249;4
73349;3
24402;4
92693;2
59889;1
32339;1
34314;2
04579;0
97839;1
45127;2
45128;0
45130;2
45131;1
45133;4
45134;0
45136;1
45138;2
45139;1
45141;2
45143;2
45144;0
45145;1
45147;1
45149;1
45219;4
45239;3
45257;2
45259;2
45276;1
45277;4
45279;2
45289;2
45307;3
45309;1
45326;3
45327;0
45329;1
45355;1
45356;4
45357;3
45359;2
49632;2
84051;1
93343;4
73457;1
73728;1
73730;0
73732;2
73733;2
73734;1
67754;0
97230;3
67472;0
21727;2
31629;4
39448;1
82488;1
83359;2
77955;3
91796;1
76275;4
86833;0
92268;1
92694;2
06729;3
97502;0
82547;3
86495;1
53879;1
53881;0
97776;3
23701;0
72184;1
31085;1
26556;3
48351;2
32699;2
21376;1
27324;2
56133;1
14532;3
24253;4
74864;0
85777;2
14476;0
83250;1
99830;1
09569;1
09429;1
84326;2
95685;1
94350;2
14612;1
08223;0
93167;2
29683;1
82490;1
24256;2
54317;1
76694;0
29328;1
95189;4
56235;2
97906;2
64658;2
66482;0
84550;1
67824;2
95183;0
82340;1
36325;1
79868;1
24242;4
85622;0
94351;1
83620;0
85276;4
54341;0
70734;1
70736;2
97778;2
87748;1
24244;1
95131;1
34587;1
92269;1
35463;1
90537;1
91555;1
54584;2
95686;4
74427;2
70794;0
56341;0
26849;4
57413;1
86923;0
89435;1
85464;2
27389;2
54439;1
86850;0
55743;4
67693;1
99891;2
83730;2
64405;2
39524;1
77716;1
79592;1
76359;3
56330;4
25579;0
91604;0
97650;4
99986;2
24357;3
74223;1
88373;1
24937;2
24939;2
24941;1
24943;0
24944;1
36103;1
83126;1
09557;4
87671;1
98593;3
63639;0
65439;2
67592;4
61197;0
92685;0
92696;1
78737;0
54516;2
04617;4
14798;1
54343;1
76596;1
79362;2
91301;0
74670;1
96524;2
67147;2
85659;1
68623;2
85661;0
07937;0
97833;3
67737;2
35110;0
09669;1
35066;1
27336;1
04936;1
74586;0
01909;1
67227;2
97447;2
15230;2
15232;0
15234;4
60308;3
60311;3
60313;3
60314;4
60316;1
60318;1
60320;2
60322;2
60323;2
60325;1
60326;0
60327;1
60329;4
60385;1
60386;1
60388;1
60389;1
60431;3
60433;2
60435;2
60437;1
60438;2
60439;1
60486;2
60487;1
60488;1
60489;2
60528;4
60529;0
60549;3
60594;1
60596;1
60598;0
60599;1
65929;1
65931;0
65933;1
65934;4
65936;0
64407;2
06259;1
18461;2
83112;1
94258;0
82216;0
03058;0
83553;0
09623;2
98711;3
85447;3
08427;2
01990;0
50226;1
31084;1
79348;1
09599;1
71691;1
21729;1
79098;1
79100;3
79102;2
79104;1
79106;4
79108;4
79110;1
79111;1
79112;1
79114;4
79115;3
79117;0
36399;1
24991;1
63579;1
92271;0
83395;3
67251;2
67361;3
66629;3
85354;2
85356;1
06347;2
27259;0
01705;2
38373;0
86742;2
96158;1
14552;0
49762;0
25876;0
25727;2
57258;2
92272;1
54450;0
72250;0
74392;0
16918;0
92342;3
94078;1
72636;1
97252;0
88699;1
78567;1
83413;2
61169;1
86316;0
26446;1
67159;1
95688;1
06254;4
79877;2
02742;1
36289;1
09634;1
17098;1
37133;2
61381;2
25764;0
88045;1
88046;1
88048;3
98749;2
25718;1
66299;0
34621;2
14662;0
51598;1
77948;0
87654;2
26169;1
71292;1
78665;3
34560;1
04654;1
99610;1
82349;0
04618;2
14929;0
58730;1
35112;1
88273;2
84160;2
06464;1
97828;0
91344;2
95689;1
76877;3
97727;3
86925;3
24649;1
36037;1
36039;2
36041;1
36043;0
34277;3
34233;3
86681;1
85465;0
01778;1
49584;3
37699;4
94142;1
82256;0
94538;3
34516;1
15517;1
94081;4
84095;0
90762;2
90763;0
90765;1
90766;3
90768;1
78120;4
87629;1
67136;1
83714;1
86456;1
86565;1
97503;0
76571;1
69251;1
78343;2
74405;2
78262;2
85080;0
83674;1
91605;2
85408;1
73108;0
72501;3
27777;2
52538;1
84140;0
99634;2
56294;1
30823;2
30826;2
30827;3
84518;1
85748;0
25836;2
82467;2
49681;2
83536;0
83555;0
21441;3
29471;2
71116;4
16307;2
18574;1
06466;2
95185;3
55435;1
55296;2
71126;0
97253;1
55239;2
25782;1
02633;1
82131;1
55578;1
92274;1
91607;1
75391;4
63688;1
24882;0
49744;0
21502;2
07926;1
95482;3
36404;2
98559;2
55490;1
49596;2
30989;1
98708;4
67724;2
94244;1
52511;1
63826;0
67715;2
94333;1
96160;1
85290;1
84144;2
65366;3
78187;2
72351;2
97255;0
47608;0
97505;2
09423;1
63571;1
45879;0
45881;1
45883;0
45884;3
45886;1
45888;1
45889;0
45891;2
45892;1
45894;3
45896;3
45897;1
45899;4
82269;4
24395;3
24884;3
75050;1
74376;1
35285;0
35329;0
97737;4
86682;1
77723;2
55457;3
92697;3
91166;4
98590;1
49124;0
07545;1
07546;0
07548;0
07549;1
07551;2
07552;1
74582;1
96161;2
84552;1
67813;0
06429;2
97218;2
29581;2
82538;0
91466;3
04827;2
70839;1
87656;2
16767;3
82110;1
76593;1
64579;4
97779;2
95179;1
97256;2
91726;1
85302;1
67229;1
54568;4
89537;4
09355;1
36129;1
66453;1
49838;4
89547;4
86368;2
99834;3
04741;2
84175;1
23815;0
48712;1
95494;2
59590;2
91608;1
86459;4
34305;0
88167;1
49843;2
58285;2
38384;2
21784;1
09468;0
97232;2
38315;1
31180;0
15324;2
56377;1
35390;2
35392;3
35394;0
35396;0
35398;2
98667;2
38518;2
78713;3
85376;3
82205;4
54558;1
34630;1
67578;1
73333;0
18569;1
65462;1
45964;4
45966;1
45968;1
35075;1
49219;0
66907;0
23719;1
23812;0
92690;2
61479;3
95496;3
63864;2
72293;1
71540;3
63695;3
08371;0
06794;2
56653;1
37130;3
92723;4
93477;0
16548;3
21509;2
89353;4
79286;1
18551;3
24960;0
83703;1
27442;0
19065;4
91728;3
24622;3
47574;4
97469;0
73571;1
23758;0
01619;1
06786;1
29473;1
04603;1
17348;0
07950;0
01824;0
63773;4
25862;2
49424;4
98746;1
95497;1
06721;2
67307;1
97258;1
37640;1
72532;0
72810;1
67377;1
75053;2
54595;0
24610;1
67161;3
73033;0
73035;1
87657;3
03226;0
29475;0
02826;1
02827;1
02828;1
09405;3
09390;0
79733;1
69517;1
78559;0
38640;2
38642;1
38644;1
97780;0
04639;1
91327;1
07334;3
99867;0
79288;1
94239;1
84177;2
37073;1
37075;2
37077;2
37079;3
37081;1
37083;1
37085;3
78244;4
06780;3
01936;1
18181;0
86836;1
76676;2
83355;1
72582;1
83626;3
82166;1
83358;3
71120;1
94481;1
72661;1
91322;2
07387;0
97782;0
95356;4
79865;0
97506;1
93161;1
93479;1
92655;2
38462;1
98704;1
94539;1
82284;2
53501;0
82491;1
94143;0
07343;1
06679;1
28879;0
85630;3
64689;1
38368;4
83224;4
94541;1
24594;0
61279;1
36323;2
36355;1
34393;0
91171;1
47929;3
35753;2
17489;0
17491;2
17493;1
83677;1
07973;3
91350;1
79639;1
06803;0
97508;3
97259;2
48268;2
41515;2
41516;0
41517;1
18565;1
64347;0
89608;1
09435;4
83556;0
18507;1
82194;1
25869;1
04932;4
24376;1
01609;1
04539;2
74196;0
72294;1
23743;1
31028;1
48599;4
39397;2
22956;1
49777;3
02959;0
23627;0
26441;1
17495;1
18442;1
15746;2
23966;4
24626;1
18190;1
27419;0
17349;0
25436;1
29393;1
17390;3
24872;0
23860;0
16348;1
38464;1
17168;0
86845;2
37247;0
72663;2
64401;1
71723;0
66501;1
02694;3
26629;1
72415;2
24623;0
23775;2
01558;1
26197;2
36137;1
91091;4
24969;1
21712;0
01454;0
71577;3
08541;1
64521;2
90613;1
22927;1
24625;0
26532;4
96269;2
82049;4
63920;1
83109;2
06688;2
63538;1
04420;3
54534;4
56276;3
99996;2
85098;1
09432;1
06348;4
63762;0
04463;2
97950;2
68649;2
66352;4
09518;1
02779;1
64823;0
63868;1
82439;1
04860;1
16831;3
64846;4
26802;0
25774;1
83313;4
96271;0
23749;0
73344;0
01723;1
09477;0
67745;4
09224;1
14712;1
73489;1
35305;1
63584;2
24977;2
71272;2
89613;1
21720;4
01979;3
08358;2
34576;0
88287;0
97947;1
67269;2
82031;1
74417;1
83257;3
34281;3
88379;4
74363;1
55597;2
51643;1
51645;0
51647;0
64385;1
74594;1
79194;3
89423;0
74831;2
96163;1
56767;1
67598;1
67599;1
89355;1
78594;1
99631;0
67583;0
97261;1
87634;4
89312;1
91710;2
29476;2
18273;4
77793;3
79261;1
78148;2
06193;3
92543;1
14669;1
91468;0
88484;3
33330;3
33332;0
33334;1
33335;1
72525;0
95358;4
34302;1
83527;0
85410;1
42781;2
85540;0
94542;2
82392;1
74632;0
34317;0
29359;1
85764;1
65589;4
79685;3
93095;4
49170;1
58089;4
58091;1
58093;1
58095;0
58097;0
58099;2
58119;1
58135;1
76767;2
31558;1
88709;1
38729;1
92256;3
53562;3
02923;1
65623;1
63808;1
94353;3
94145;1
35708;1
72401;0
85778;1
84533;1
07957;3
35114;1
63512;1
09661;3
86744;3
72221;1
38820;1
87642;1
56457;4
39340;0
87490;4
89356;2
83128;1
85399;0
06108;1
06110;1
06112;0
06114;2
06116;4
06118;1
06120;2
06122;0
06124;1
06126;0
06128;2
06130;4
06132;2
33790;0
91352;1
67826;1
54611;1
96103;3
84553;3
09633;2
25469;1
45721;1
58553;0
21646;1
76707;1
29313;2
20095;2
20097;0
20099;1
20144;0
20146;0
20148;3
20149;0
20249;1
20251;0
20253;3
20255;1
20257;1
20259;1
20354;2
20355;4
20357;1
20359;3
20457;4
20459;4
20535;2
20537;2
20539;1
21029;2
21031;1
21033;2
21035;1
21037;2
21073;3
21075;0
21077;3
21079;1
21107;3
21109;1
21129;1
21147;4
21149;1
22041;3
22043;1
22045;1
22047;1
22049;1
22081;1
22083;0
22085;1
22087;0
22089;4
22111;4
22113;1
22115;2
22117;1
22119;2
22143;3
22147;4
22149;1
22159;2
22175;1
22177;4
22179;0
22297;2
22299;2
22301;2
22303;0
22305;4
22307;0
22309;2
22335;1
22337;1
22339;1
22359;1
22391;0
22393;0
22395;1
22397;2
22399;3
22415;0
22417;1
22419;0
22453;0
22455;2
22457;2
22459;0
22523;1
22525;0
22527;3
22529;4
22547;0
22549;1
22559;3
22587;4
22589;1
22605;0
22607;0
22609;1
22761;1
22763;0
22765;1
22767;0
22769;2
27499;1
24805;0
31785;1
31787;1
31789;4
22929;1
57577;1
59063;2
59065;1
59067;4
59069;1
59071;1
59073;0
59075;1
59077;3
67580;3
21714;1
97762;1
16559;3
17358;4
08269;0
63546;1
56598;1
46499;3
63450;0
63452;1
63454;2
63456;0
63457;1
21256;1
24983;1
21447;1
67374;1
34346;0
30159;1
30161;3
30163;2
30165;0
30167;0
30169;1
30171;1
30173;1
30175;2
30177;0
30179;0
30419;1
30449;2
30451;0
30453;2
30455;1
30457;3
30459;3
30519;1
30521;1
30539;1
30559;1
30625;2
30627;3
30629;2
30655;3
30657;1
30659;0
30669;2
56316;1
29582;2
91230;1
57572;0
31097;4
86655;0
37181;4
74736;4
78739;2
74239;2
71706;1
49733;3
21228;1
24955;1
95499;2
33428;1
38829;1
54617;1
31177;1
24628;3
08118;1
91235;4
04746;2
67376;3
79258;1
08107;2
09232;0
15528;3
01762;0
49205;3
79686;4
25489;1
94354;1
25855;2
49740;1
65510;3
97907;0
31626;0
38899;4
63594;2
97437;3
67454;1
74855;2
24790;1
31559;2
99848;2
26209;1
73110;1
82285;1
65795;2
57644;1
45525;2
45527;1
45529;2
37197;2
25856;1
76770;0
35116;0
76846;2
91729;3
36282;0
36166;2
89437;1
77756;1
63840;4
72361;1
78595;1
79688;0
89597;0
91353;1
93345;0
97262;2
97647;1
79837;1
83734;0
06458;1
94051;2
38275;4
24873;0
24875;3
48329;1
87749;1
72534;1
84332;0
85241;0
21755;2
56826;1
39444;4
54429;1
68542;0
38322;2
48619;1
31622;1
38277;2
25746;4
91180;2
69115;2
69117;2
69118;4
69120;1
69121;0
69123;1
69124;1
69126;2
67714;2
46359;1
21258;0
89518;2
89520;1
91719;2
65321;1
09526;1
55262;0
24632;0
63869;3
24226;4
74072;2
74074;0
74076;1
74078;2
74080;2
74081;0
88633;0
23774;2
42579;1
67699;1
91332;0
69253;1
91560;3
52396;4
55779;1
29640;1
63872;0
88178;1
87751;1
82449;2
71296;1
21726;1
96515;0
95500;1
73092;0
63871;0
52525;4
08468;1
37649;1
25492;3
79423;4
06311;1
84431;3
27498;1
53940;1
95233;1
08543;2
97264;2
74921;1
31691;0
34298;2
67716;0
93155;1
58675;2
91334;2
30966;2
71282;3
25770;1
21745;2
69502;2
97640;0
91239;0
94491;1
53773;1
15378;2
16761;3
25581;0
55619;0
66909;4
24558;0
85120;1
64646;1
88518;1
79336;0
35745;0
89542;0
36358;1
58313;1
57562;1
88634;2
86465;3
32049;0
32051;1
32052;2
88145;1
88138;1
85599;2
36266;3
23777;3
37293;1
29320;2
18317;1
89568;2
66919;1
01776;0
07629;2
44623;1
44625;1
44627;4
44628;0
44629;1
44649;0
44651;2
44652;2
44653;1
91336;2
90562;1
72535;2
71083;1
83209;1
91567;4
79737;1
84097;0
82211;1
55756;4
91217;1
56249;0
58849;1
45699;1
45701;0
76863;2
33442;4
25379;1
91074;1
52134;1
82432;0
31693;3
91093;1
67258;1
74394;2
37235;1
31840;2
25491;0
67310;3
72513;4
97265;2
73540;4
35452;0
73572;1
31700;2
63150;1
97618;1
66265;1
83559;0
67297;1
32120;0
57271;2
40723;1
40724;0
31134;1
31135;1
31137;3
31139;1
31141;1
71157;3
27318;1
56206;0
86567;1
32479;4
38543;1
67586;1
56204;0
56462;0
91161;1
86856;1
49176;0
91355;4
78247;2
29584;1
95502;3
97267;0
87541;1
26759;2
71711;3
95236;2
21635;1
94146;4
66999;0
79856;3
74545;4
54421;0
67756;2
72145;0
96114;1
92242;1
92275;1
07927;4
69493;2
98678;1
67732;3
63697;4
21522;0
29456;4
85122;0
23689;3
39279;1
97204;0
73269;1
88454;2
67126;1
79862;0
78628;1
65239;4
02627;1
67691;1
64739;1
96272;0
91315;3
89420;3
95186;1
73450;1
78667;2
01774;1
68766;3
56841;2
95028;2
95030;1
95032;1
63505;4
34246;1
36145;2
75339;1
29361;2
24894;1
34369;0
65719;0
82418;2
97461;2
94544;1
86928;1
25858;2
29478;0
77749;1
16540;0
35644;0
86745;1
94545;1
95691;0
99994;1
85662;1
92277;1
02906;1
72070;3
24257;0
25358;1
99448;0
78355;0
92366;1
86978;1
31249;3
21526;1
85411;4
85635;0
56746;0
04934;0
07958;0
85664;1
25551;2
82383;0
84432;4
36284;3
82069;1
65329;0
72531;0
94357;0
67591;0
79801;1
88367;1
84098;1
86558;4
93480;2
09394;4
09434;0
29362;1
01848;1
01844;0
22955;0
49451;2
37642;2
31188;1
86568;1
76744;1
21723;0
96142;1
24876;0
25488;0
19075;4
24363;1
24364;2
71088;1
87752;1
86684;1
89291;0
89438;0
93183;2
83607;2
97292;1
73271;1
37603;4
06808;0
59439;1
35315;1
66424;2
24211;4
25859;1
49846;3
87659;3
74746;1
55768;1
48496;1
54497;4
72160;0
79289;2
76771;1
86497;2
88263;1
85413;1
09395;3
73575;3
32805;3
78132;0
01731;2
25997;0
74585;1
48477;1
48612;1
24980;1
63768;4
01996;0
36154;2
83129;1
88374;0
91798;0
33161;4
37671;3
31093;4
02977;4
06467;1
41836;1
42499;2
27798;1
74928;1
78183;1
76549;1
82386;1
86685;0
25588;1
72584;1
32609;1
16949;1
31867;2
73550;0
95503;1
94336;2
94551;1
55621;1
56323;2
36088;1
65597;2
35410;2
46569;2
86857;1
52393;0
50354;1
24850;1
25813;1
31632;1
66882;1
24641;0
63776;1
35625;1
94116;2
89185;0
73460;1
49751;4
49477;0
49479;1
82057;0
24879;2
82393;1
76473;1
91338;1
97999;3
94547;0
73574;0
86859;3
21775;1
26632;3
79241;1
93346;3
89171;1
89186;2
89257;4
91471;1
66557;0
75428;1
88636;0
92278;1
31241;1
74360;1
68549;1
72138;1
78194;2
34376;0
95505;0
88090;0
87509;1
67817;1
86570;1
52459;1
38385;3
74653;0
55218;2
86980;2
74379;2
88456;4
85049;0
85051;0
85053;3
85055;1
85057;1
94548;2
82266;2
84416;4
78465;4
23999;2
76865;1
91610;3
83334;0
72514;1
79594;3
97346;1
91472;1
94342;0
78597;3
54666;1
54451;2
83737;1
87660;2
84424;2
56271;1
38550;1
58636;1
58638;4
58640;2
58642;4
58644;1
30916;2
85737;2
88316;2
75228;4
46419;1
95188;0
47661;2
49847;2
74930;1
96274;1
17391;1
83676;1
26349;1
24878;2
09387;2
29479;1
94118;1
24992;1
17126;0
29585;2
38477;4
26844;1
07743;2
07745;3
07747;3
07749;0
86860;4
39319;1
24963;1
38381;0
34632;1
82287;0
21266;1
79798;1
84555;3
82064;3
71131;1
89343;3
85305;3
24808;2
76751;0
63867;2
84381;4
63637;2
08547;1
41363;1
25992;2
26571;1
84387;0
52428;1
72417;3
41564;3
15758;0
63796;4
39646;1
67655;2
67657;2
67659;3
67663;4
86687;1
36148;3
37589;0
47546;2
53925;2
32689;2
67169;1
96317;3
92700;0
24568;0
87662;2
73235;1
59174;3
01917;1
89358;0
91126;3
87754;1
25999;0
75236;2
47475;1
76870;2
79400;1
09247;3
77966;3
77876;2
97842;0
61184;3
76307;2
76689;2
85757;1
17449;3
89601;2
86668;0
85123;1
76131;3
76133;0
76135;4
76137;2
76139;2
76149;1
76185;1
76187;4
76189;1
76199;2
76227;1
76228;0
76229;0
97753;1
63791;4
67707;1
18469;1
97783;1
24407;1
06638;1
29481;3
95359;1
34117;1
34119;0
34121;4
34123;1
34125;0
34128;2
34130;1
34131;1
34132;1
34134;2
34355;0
84556;3
92280;2
95506;1
71570;1
75177;1
37191;2
67734;1
57581;1
56349;1
87600;4
86916;1
34260;4
08525;1
77694;0
06537;1
93309;1
65779;1
54427;0
23746;4
57645;3
89293;2
65451;0
75210;0
96164;0
95478;2
47906;4
87435;1
87437;0
87439;1
54344;1
79341;1
56295;2
47647;2
71394;0
50169;0
50170;4
50171;1
54589;0
68775;0
86498;0
47623;1
47624;3
47625;1
47626;1
47627;2
25368;1
65399;3
83088;3
24103;0
24105;2
24106;1
24107;4
24109;1
24111;4
24113;2
24114;1
24116;1
24118;4
24143;3
24145;0
24146;2
24147;1
24148;0
24149;1
24159;1
83361;3
58566;1
75249;3
85125;0
66862;1
86981;1
85110;1
77971;0
83417;0
74912;1
71737;1
74592;1
84434;1
88486;3
94259;4
84375;1
85414;1
88457;0
93348;4
94261;0
91356;1
95158;1
95466;1
91241;0
91281;2
21394;0
35274;2
94148;0
87755;0
36275;4
73230;0
73467;3
74366;1
85551;0
97268;4
57399;1
96166;3
32278;0
27308;3
23714;0
94356;1
85614;2
84558;4
79199;4
63931;3
66459;3
67489;0
07919;1
36320;1
24629;1
38324;1
86438;1
88353;0
97270;2
99843;0
04460;1
04567;1
97486;2
15838;2
54524;2
29410;0
25365;1
86507;0
66271;1
63924;1
54483;0
63828;1
63801;4
07989;4
97271;1
63839;0
23628;0
79771;1
01998;4
04519;0
47533;2
63911;0
08248;4
34513;1
97509;2
56818;1
02999;2
97478;0
75438;0
34593;4
26409;4
56068;3
56070;2
56072;3
56073;0
56075;1
56076;1
56077;2
82431;1
95361;0
93096;1
72664;3
92702;1
96358;0
04655;0
15752;1
83059;1
78600;2
03099;2
25377;2
94262;1
21527;3
66879;1
50667;1
50668;3
50670;0
50672;0
50674;3
50676;1
50677;2
50678;0
50679;2
50733;1
50735;0
50737;2
50739;1
50765;1
50767;0
50769;0
50823;1
50825;0
50827;4
50829;0
50858;1
50859;0
50931;1
50933;4
50935;0
50937;4
50939;1
50968;2
50969;1
50996;3
50997;1
50999;1
51061;0
51063;0
51065;4
51067;1
51069;1
51103;2
51105;1
51107;4
51109;2
51143;1
51145;3
51147;0
51149;1
73257;1
97953;1
15711;2
75203;4
89551;1
86343;1
82549;4
88376;1
78126;1
96167;1
02829;4
78598;1
86669;2
61462;3
92281;1
08412;1
02699;3
24837;1
53639;2
95692;4
95176;2
78462;2
78464;3
78467;3
54329;1
85570;0
71404;1
06258;2
54306;1
34327;2
08539;1
99998;2
70825;0
70806;2
41352;1
85092;1
17459;1
94149;2
06366;1
56736;1
82288;4
89359;2
25832;4
93444;1
19077;1
17329;3
87647;1
84559;2
76703;1
82152;1
47559;0
85402;1
72505;0
02957;0
87724;4
74238;1
47798;2
47799;3
47800;1
47802;0
47803;2
47804;2
47805;2
47807;2
47809;4
47829;1
47839;1
37547;2
67757;0
23827;3
88079;0
73116;1
56630;3
53560;1
83708;1
52372;1
57223;3
97892;1
67706;3
67819;0
65830;2
06774;3
18198;0
24644;1
63829;0
76709;2
61476;1
87758;2
84178;0
24119;1
21529;0
54536;1
56642;1
86381;3
21732;2
92703;1
26736;4
82494;2
73329;4
22958;1
76773;1
86556;0
86707;2
18225;0
09496;1
23829;1
95508;1
95326;2
97900;0
84036;1
25495;2
92245;4
91358;2
36093;4
94550;2
95362;1
74635;0
76456;2
96328;2
97273;2
75057;1
02796;1
09484;1
02797;1
01468;0
51515;3
16792;0
79790;0
29482;1
72127;2
27449;1
86500;1
30880;1
84082;1
87760;4
29331;4
49549;1
68526;1
48366;2
32791;0
25566;1
49774;1
49757;4
35633;0
56112;1
35094;2
77933;1
31246;0
89150;4
18279;1
93462;2
18069;1
67245;1
86862;1
24238;0
31195;0
76829;3
94405;1
89361;0
31628;1
86899;2
82290;0
54526;1
84028;0
84034;0
31087;0
94264;3
01465;0
38685;0
27607;1
63225;3
91799;1
88085;1
09636;0
89129;1
85416;1
33449;1
08428;1
74243;1
74595;0
29484;1
88515;0
25863;2
40764;4
91474;4
30851;3
30853;2
30855;2
08439;1
55450;2
86571;1
86863;1
04889;2
91094;1
04657;1
08134;4
90579;0
26465;1
86853;4
52379;2
14557;1
91731;1
35428;1
29364;3
84085;1
54308;1
24631;0
27299;0
86462;4
67746;1
83512;2
93138;0
17248;2
54612;4
49688;1
35321;0
87493;1
87761;2
67319;1
02991;3
73466;2
79787;3
97922;2
69514;0
37697;1
31714;1
77886;4
91207;2
63846;2
83410;1
79725;0
74348;2
86502;1
89415;1
88471;2
77794;0
08312;1
96169;1
36341;0
78730;4
92283;1
73111;0
36369;1
64686;2
96486;1
87763;1
66822;0
86983;0
26789;1
31633;3
26529;3
87764;0
48739;1
71732;4
07349;1
16565;3
91611;0
38165;4
74251;2
31275;4
94339;2
42799;1
63849;4
38542;1
69181;1
76774;2
97274;2
91227;4
70771;1
74211;2
89340;2
04103;0
04105;1
04107;1
04109;1
04129;4
04155;2
04157;2
04158;4
04159;1
04177;3
04178;1
04179;3
04205;0
04207;4
04209;1
04229;1
04249;2
04275;1
04277;2
04279;1
04288;2
04289;1
04299;0
04315;1
04316;1
04317;0
04318;1
04319;1
04328;0
04329;1
04347;3
04349;0
04356;1
04357;2
66969;1
32657;2
29485;1
27809;1
84435;0
38268;2
09514;2
08485;0
87663;1
49525;4
83661;1
57368;1
73252;4
85101;2
79853;1
71229;2
95666;3
33818;1
92705;1
35638;1
06237;4
95191;2
71397;0
91359;3
02794;1
91578;0
56599;1
88299;1
51371;3
51373;1
51375;3
51377;1
51379;0
51381;4
35423;1
98739;1
09244;1
33165;3
77839;1
91586;0
01896;0
09638;1
17259;2
91807;1
95192;1
35104;0
96215;1
09350;4
72805;1
08115;4
73669;1
31618;0
34396;3
38704;1
65835;2
49536;4
72419;0
28865;0
74838;2
65549;1
65550;0
65551;0
65552;0
65553;2
65554;0
65555;1
65556;2
67117;1
63694;0
22959;2
94227;0
03103;2
35440;3
94518;1
67473;1
88161;1
64678;1
49699;3
51789;3
49808;1
49809;2
49811;4
67360;4
56317;1
76351;1
91717;1
52441;4
31636;0
63589;1
53545;1
59510;1
59555;1
59556;4
59557;0
59558;1
96170;0
96123;0
74931;1
74369;1
39446;1
76597;1
79843;0
93470;1
34253;4
84494;4
53797;1
01847;1
35792;4
49393;0
32584;3
67727;4
97816;0
35102;0
84180;4
94359;1
35457;0
54338;1
49624;1
91475;2
89173;2
24366;4
65391;1
79539;1
79540;1
79541;1
64653;0
26901;4
66679;3
72290;1
08294;2
49504;1
79807;1
25864;2
74245;1
27612;4
32312;2
15907;1
29488;2
23552;0
23554;1
23556;1
23558;1
23560;2
23562;1
23564;2
23566;1
23568;1
23569;3
23570;1
29439;1
04613;1
29487;1
14943;0
58507;2
58509;1
58511;1
58513;4
58515;1
29394;3
31702;0
59348;1
71634;3
71636;1
71638;2
71640;1
71642;0
95364;1
67059;1
67061;3
67063;1
67065;4
67067;4
67069;1
67071;1
96337;3
37635;4
83377;1
32676;1
31711;1
92706;2
99885;1
97511;2
21335;0
21337;0
21339;1
21391;1
44532;1
44534;1
44536;1
48480;0
09328;1
92331;4
67363;1
06886;1
22952;1
25585;4
64750;1
89440;2
17279;2
27249;2
24404;0
67686;2
39104;0
39106;1
39108;2
39110;1
39112;3
39114;0
39116;3
39118;1
39120;1
39122;0
39124;4
39126;0
39128;0
39130;1
71106;2
77972;1
78601;0
95695;1
86747;1
67487;1
63814;1
97350;2
84048;1
74535;1
63533;1
95336;4
63477;4
55116;3
55118;1
55120;0
55122;1
55124;1
55126;1
55127;2
55128;3
55129;3
55130;1
55131;2
55252;1
55246;0
83558;2
71672;0
94094;1
84333;1
84066;2
79429;2
69254;1
76316;3
34323;1
79364;1
57636;2
82291;2
94437;4
85077;1
66399;2
68159;2
68161;4
68163;0
68165;2
68167;1
68169;1
68199;1
68219;1
68229;1
68239;3
68259;1
68305;2
68307;1
68309;0
92708;1
55413;1
35037;1
35039;0
35041;1
79232;1
97276;1
94553;1
31094;0
51709;4
37696;3
54484;2
88677;0
06779;2
08352;3
97514;2
04416;0
84163;2
31608;3
91801;1
91477;2
97348;1
91459;1
85229;0
91478;2
87733;0
91480;1
86865;1
91613;1
97340;0
96257;2
95352;2
95168;0
87616;0
86748;0
95615;3
96364;1
83487;1
95509;0
97342;2
96275;3
45768;3
45770;2
45772;0
91080;0
18337;0
66646;1
34431;0
21436;1
27327;1
55627;4
21439;2
86688;3
85417;2
88437;0
97711;2
74252;1
84323;2
66506;1
56869;4
69256;1
85419;1
87665;4
75433;0
79689;2
94151;2
96349;3
67133;4
93142;4
53508;0
53894;3
21358;2
88074;2
53340;0
67149;2
74909;4
59964;4
89441;1
96484;0
31715;1
40667;3
40668;2
40670;1
86750;0
67735;1
67678;1
95694;4
54346;2
84561;1
72537;1
38527;0
38536;4
58540;1
37276;1
91802;1
55590;2
01662;2
77974;2
37290;1
86405;1
49324;0
49326;2
49328;0
97638;1
34212;3
96117;3
87700;1
87766;1
58706;0
58708;2
58710;3
56743;1
88512;1
96529;3
35794;3
84152;1
54310;1
49637;0
49716;0
86504;4
66589;3
79291;2
35799;0
86415;3
91732;1
89188;1
07619;1
54318;0
86690;2
56753;1
49586;0
52399;0
79249;0
66663;0
59872;1
63875;3
64409;0
88605;0
72469;1
48629;3
67582;1
84562;1
49497;1
66693;1
40822;0
98639;2
72555;2
04610;1
96247;2
97513;2
74544;1
93185;1
64720;0
86866;0
24247;2
15751;3
88487;4
25866;2
93468;0
63897;0
87719;3
93349;1
32423;2
32425;2
32427;2
32429;3
93098;0
87547;2
95511;3
95490;1
91734;2
86868;1
97785;4
21770;0
82293;1
35756;0
82481;2
94360;0
84335;1
96268;1
74219;4
64397;1
89426;0
47441;2
47443;1
47445;4
47447;0
73563;2
71696;1
06791;0
07987;2
59519;1
91096;2
21647;1
63853;1
63933;1
41061;4
41063;1
41065;1
41066;1
41068;1
41069;1
41169;4
41179;1
41189;3
41199;0
41236;2
41238;4
41239;0
86751;4
91614;1
78087;4
40789;2
24248;1
52156;0
67590;1
71297;0
56410;0
82272;0
78345;1
94554;2
85665;0
92709;0
85368;2
85452;0
73565;0
64546;0
17406;4
08262;3
37186;1
57583;2
69509;1
91804;2
51597;2
34326;2
74821;1
56254;0
64756;1
72116;3
97786;1
86753;3
93099;4
71159;0
53804;2
06249;2
35325;4
69427;4
38539;2
04769;1
76461;2
75417;0
09241;2
84453;4
77796;1
16567;2
69242;1
73347;1
92360;1
96172;2
78259;4
63165;4
78570;0
78357;3
64367;2
91735;1
74673;0
45468;1
45470;4
45472;2
45473;2
45475;1
45476;2
45478;0
45479;1
45481;2
54486;0
56218;3
79379;1
08132;2
95213;1
80331;1
80333;0
80335;0
80336;4
80337;1
80339;3
80469;4
80538;1
80539;1
80634;2
80636;4
80637;4
80638;1
80639;2
80686;0
80687;4
80689;4
80796;0
80797;1
80798;0
80799;1
80801;3
80802;1
80803;0
80804;1
80805;4
80807;2
80809;1
80933;0
80935;4
80937;3
80939;1
80992;0
80993;0
80995;0
80997;1
80999;4
81241;1
81243;3
81245;1
81247;2
81249;2
81369;0
81371;1
81373;2
81375;0
81377;1
81379;1
81475;4
81476;1
81477;3
81479;1
81539;2
81541;1
81543;3
81545;1
81547;2
81549;2
81667;1
81669;0
81671;0
81673;0
81675;3
81677;1
81679;1
81735;2
81737;1
81739;1
81825;0
81827;4
81829;3
81925;3
81927;1
81929;2
35117;0
85126;0
91481;0
66981;1
67728;1
74395;1
97702;0
86754;1
82541;2
29633;1
48143;2
48145;1
48147;3
48149;1
48151;1
48153;1
48155;2
48157;3
48159;1
48161;1
48163;3
48165;2
48167;1
64839;1
86692;1
25587;2
86505;1
55424;4
97359;1
79244;1
35516;1
79730;4
21516;3
73557;1
67112;2
04688;1
08499;1
92507;0
58769;1
06469;1
55299;4
67311;1
95697;4
72202;1
75399;2
23866;1
21369;0
95119;1
66809;0
66640;2
85405;1
85128;2
29587;1
89564;0
64569;1
34311;4
25946;2
74924;1
69151;1
69437;0
69239;4
74172;2
72666;1
72654;1
74382;0
74865;4
89189;0
21398;2
37643;1
72147;2
74933;2
73272;2
06502;2
57638;3
89191;0
36214;1
04685;1
89278;4
67749;1
87484;2
57250;2
53947;1
41334;1
29490;1
21629;1
95698;1
61267;0
83115;3
85579;4
26909;1
17033;1
17034;0
17036;2
97277;3
75387;0
76776;0
86476;2
86633;2
94127;0
85467;2
74861;1
95512;1
37249;2
79395;3
75305;1
91564;4
97788;1
23818;2
21763;1
25792;3
27251;4
29643;0
48485;4
49434;3
95339;2
58809;1
36286;3
34599;3
79691;1
84088;4
85375;0
25724;0
72639;1
84181;1
02727;2
91284;0
94152;4
56335;0
09544;0
73765;0
75242;1
78579;4
23669;2
36119;3
90616;0
67141;1
97843;1
63263;1
17154;0
04575;2
01904;1
88099;2
08459;1
09221;0
23779;2
34626;0
92259;3
93453;2
94154;0
94362;4
92445;1
47506;0
73491;2
75245;1
68809;3
54347;3
08496;4
92318;1
24534;1
24536;2
24537;0
24539;1
92431;1
08527;0
09488;1
39418;3
57290;3
63930;0
66538;0
66539;1
66540;3
74867;0
91233;2
53819;0
84524;2
76777;1
94089;2
77743;1
82061;2
86356;1
94556;2
91616;3
95700;0
41460;3
41462;1
41464;0
41466;1
41468;0
41469;2
41470;2
41472;0
31535;1
35279;3
53577;4
67433;1
67434;4
91413;1
92660;1
93333;3
95514;1
96465;1
97845;1
72149;3
17235;3
93073;1
89231;1
89233;1
75389;1
56564;1
56566;2
56567;1
24223;1
54309;0
56645;1
63667;4
61194;1
61130;0
52385;1
84100;1
94557;0
01689;1
36272;1
09366;1
61138;1
78078;1
09243;4
96489;1
18146;1
53859;1
67150;1
67700;2
41372;1
49779;2
92545;0
63843;1
65629;2
74676;1
65527;1
31712;1
55268;2
87767;0
09600;3
86694;0
97996;3
89168;1
84183;2
97464;1
56179;4
09577;0
94559;0
09399;1
52382;0
75223;0
33039;4
31582;4
29336;1
31688;4
55283;1
34329;1
34266;2
56477;2
54453;4
93149;1
66625;2
37217;0
88149;0
66620;0
26506;4
26954;3
25870;2
24896;1
26548;1
22844;0
22846;1
22848;1
22850;2
22851;1
96365;0
25785;0
99734;0
74226;1
97334;4
27637;2
48527;3
48529;1
48531;1
59394;0
21765;3
86720;2
77787;0
31717;1
31171;1
48356;2
25884;4
37176;1
37154;1
26845;0
49638;0
52388;0
48301;0
73274;2
24768;2
24809;0
24881;3
06896;0
97720;1
71154;1
51588;1
90402;1
90403;1
90408;1
90409;4
90411;0
90419;0
90425;0
90427;2
90429;0
90431;3
90439;1
90441;1
90443;1
90449;0
90451;0
90453;1
90455;1
90459;1
90461;0
90469;4
90471;0
90473;3
90475;2
90478;1
90480;0
90482;0
90489;2
90491;2
72622;2
72362;4
67759;2
83131;0
83365;1
23896;3
69226;1
36167;0
14947;2
25594;1
82487;4
90522;2
82496;0
83080;4
36280;1
84564;1
54331;1
72644;0
91617;1
75038;0
85445;1
89610;1
85129;2
57639;3
71720;0
97656;1
73113;1
72813;0
86573;2
96173;2
77784;0
46045;1
46047;0
46049;2
46117;0
46119;4
46145;2
46147;1
46149;1
86697;4
68794;1
83700;0
56587;1
77704;3
73447;2
95145;2
57641;3
97789;3
09353;4
90587;0
61239;1
63785;2
21787;2
78727;2
86698;0
84565;2
72364;2
31683;0
94130;1
91619;0
86869;1
85667;0
94562;1
64372;1
75394;2
91097;2
88179;3
79254;1
87769;0
71739;3
36469;0
74420;4
89294;3
91483;1
94363;4
97516;0
82294;1
97791;2
82395;1
74423;4
87534;0
87561;1
73635;1
55596;2
74182;1
84101;1
88094;3
66649;0
97723;3
93083;1
91286;2
63179;2
61440;1
92526;1
67752;3
55430;1
34399;4
77709;1
67283;0
74847;1
67305;4
97199;1
26489;3
48607;3
85235;1
67748;0
85669;2
51519;1
55571;2
02791;1
74229;1
59302;2
01589;1
09376;1
45739;1
97714;1
33813;1
65375;3
22961;1
86732;1
29588;2
24988;1
74254;1
63065;4
63067;2
63069;1
63071;2
63073;0
63075;2
94560;1
77652;1
77654;1
77656;0
89362;0
72131;4
87527;1
68723;1
77797;0
82441;0
73275;2
78337;1
91620;1
74613;1
02785;2
75248;0
82140;0
26121;1
26122;1
26123;1
26125;2
26127;2
26129;3
26131;1
26133;0
26135;1
25873;4
59399;1
57462;2
59939;0
54456;1
89614;0
77728;1
91737;4
78359;4
63683;1
77799;1
94496;4
24251;2
38557;0
49074;1
49076;1
49078;1
49080;1
49082;1
49084;1
49086;0
49088;1
49090;3
48346;2
75395;1
21756;4
25872;4
29664;1
89296;0
21762;2
74706;3
24367;4
49179;3
94486;2
27711;1
37520;0
24783;1
25590;1
73760;2
97645;1
67574;2
88356;1
99636;1
04749;0
26842;1
76684;2
02899;2
18609;4
23946;1
76470;1
75443;1
25591;1
01458;3
77883;2
91242;3
31868;1
21259;3
67697;0
83624;3
28870;1
94155;1
67166;1
77833;4
86700;0
85521;1
34633;3
66564;1
64853;0
94563;1
26939;1
24637;4
51491;2
73277;1
88696;4
87466;1
28876;0
33098;1
33100;1
33102;0
33104;4
33106;2
33154;1
82396;1
93351;2
83349;4
18059;3
19370;1
92711;2
94365;1
38470;1
97846;0
94032;0
94034;1
94265;1
30982;0
95701;2
91257;0
31224;1
31226;1
31228;4
86971;1
25849;0
93482;1
31621;3
93080;4
82377;1
86929;1
94366;4
94368;0
66706;2
94157;1
91580;0
36100;1
86574;1
32469;2
85238;4
06809;1
93186;3
96175;0
87772;1
74397;0
89284;4
72297;2
79292;2
83539;3
93101;2
72285;4
84347;2
96176;4
93102;1
74629;0
84076;1
36414;0
76327;1
91738;1
85104;2
87666;0
75172;0
75173;1
75175;4
75179;1
75180;1
75181;2
92536;2
72539;1
87459;1
88630;1
72793;4
64319;0
76661;1
94158;0
36269;1
83451;2
93188;1
54498;0
92367;1
94431;0
25421;0
91361;3
92712;2
66953;4
66954;3
83132;2
56637;0
95515;2
19086;3
94447;2
08523;1
08529;1
91287;3
74385;2
91785;4
84568;0
09246;1
87773;1
58840;2
92714;0
85652;0
72124;4
73207;0
09509;3
82343;1
35415;3
85586;1
85131;4
31718;4
82398;0
84570;0
91805;1
91224;2
96178;3
36163;1
97490;2
92284;0
85309;3
32457;4
93483;1
84103;1
92353;0
84389;1
14467;1
14469;0
14471;1
14473;1
14478;1
14480;1
14482;0
91278;2
86554;2
91099;1
94267;0
15834;2
86984;4
95355;1
96332;1
91362;0
06909;1
32361;0
29491;1
97357;2
17255;1
25497;1
86931;1
06725;1
23820;0
97279;0
83134;3
92715;0
82178;2
50259;4
95704;1
56862;1
86932;1
90617;3
66346;4
85640;2
90602;0
49610;2
24972;1
25451;1
66287;0
01734;0
35466;2
38375;1
21449;1
31604;1
01445;3
42477;2
78315;1
46348;0
32369;1
86641;4
94369;1
73492;1
82399;1
83561;1
86871;3
89192;1
66877;0
97729;0
97236;1
72414;4
97517;1
63691;3
25980;2
36169;1
76437;0
26180;0
23626;2
40878;0
40880;1
40882;1
40883;2
40885;0
72365;1
96179;1
94371;1
94372;3
29590;0
83064;3
69231;2
96181;1
65479;2
35282;1
88212;0
88213;2
88214;1
74747;2
73098;1
97848;4
83562;1
49509;0
96182;1
45657;2
45659;2
45661;1
45663;3
45665;1
46459;1
94209;3
93047;3
93049;2
93051;3
93053;0
93055;3
93057;1
93059;0
93128;1
21649;1
04565;1
95194;1
95111;0
31547;1
86508;1
66780;1
74934;1
97526;2
78479;3
02894;2
73262;1
78564;2
93189;0
97234;0
94566;1
91244;3
85293;1
84437;0
85084;0
86934;3
51580;2
66507;1
56861;1
68799;1
86756;2
21465;1
34359;3
64354;1
08141;2
21400;0
94419;1
84571;1
35447;1
83242;0
48734;2
25462;1
75196;2
38319;3
97280;1
42853;2
42855;2
42857;1
42859;3
42897;1
42899;1
08373;2
71686;1
73630;1
77871;1
86643;3
78603;4
96184;1
87675;2
89364;4
93191;0
87549;1
97282;2
84367;3
79276;3
92717;1
72760;0
72762;1
72764;1
72766;1
72768;2
72770;0
26817;3
33378;1
26899;1
46414;0
31039;1
77866;0
53359;4
47495;3
53619;1
48429;1
48431;4
48432;1
79618;0
79365;1
77836;4
76287;0
76764;1
47509;4
18311;0
79736;0
86510;1
97519;3
27339;1
87668;4
87669;2
92286;0
97792;4
93339;1
97283;1
72585;1
83083;1
88377;0
64560;0
79359;1
66292;3
93104;1
78239;4
97794;1
01587;1
01591;0
73469;0
66509;1
49597;2
55499;4
33397;4
78604;1
02956;3
64668;1
93485;0
97222;3
83253;2
94269;0
38559;1
94160;1
37296;2
77975;1
31737;4
25920;0
27721;1
08355;1
35519;1
91740;1
66976;2
97849;3
63517;4
67688;3
96472;3
63322;1
38828;3
67127;1
31637;1
08228;1
63110;1
93426;1
32289;4
52159;1
89365;0
89297;1
86703;0
23821;0
91189;1
93352;1
85296;1
72229;2
83101;2
86701;1
17335;1
85244;1
94133;2
31627;0
74255;0
38325;2
63934;1
94107;0
67354;1
72587;4
41569;3
36329;2
29591;1
63549;1
30952;4
36217;4
61191;1
29571;3
37124;0
74749;1
48720;2
72348;1
21224;4
74538;0
83022;1
83024;4
83026;4
35119;0
95195;1
51503;2
94439;0
64380;4
87672;4
90574;0
18055;0
18057;0
18106;4
18109;0
18119;1
18147;1
27356;1
36199;0
38531;1
91154;4
04571;4
90552;2
64757;0
63860;1
02929;2
91541;1
97851;4
97520;2
83543;0
86935;4
89616;4
91187;0
91341;1
82401;1
72108;1
84056;0
97228;1
97285;4
06548;1
83727;0
92444;2
90607;1
87494;3
24986;1
84104;0
87674;0
15562;2
94161;1
55593;2
88459;1
95365;1
91622;1
38471;4
99842;4
83324;1
94099;1
76761;0
79595;1
24254;1
93486;4
65594;4
67152;1
53809;1
65428;3
77977;3
71277;0
59602;1
93342;1
07929;1
61273;0
66111;0
66113;2
66115;1
66117;0
66119;1
66121;3
66123;3
66125;1
66126;1
66127;4
66128;1
66129;1
66130;1
66131;0
66132;1
66133;4
66740;2
66793;1
91623;4
74343;0
83679;1
48369;1
56648;2
63877;0
73084;1
94163;2
88682;2
87775;2
76779;1
54528;0
48499;1
38226;0
38228;4
38229;1
38239;1
38259;2
31020;1
94121;1
83122;3
97522;3
97657;2
26452;0
06792;1
69207;2
06526;0
53757;1
94379;3
25826;0
84427;2
23629;1
31157;1
77880;0
79361;3
77887;1
48336;1
38524;2
18546;2
26683;4
74589;1
21644;1
82054;4
82442;2
55291;1
64850;0
06255;3
58579;1
79597;2
67701;1
79227;0
23683;2
23684;0
34270;1
95197;1
94571;1
83135;2
73579;3
72516;2
27383;0
74850;0
88175;1
91443;4
31174;3
88433;3
22869;1
77773;1
36277;1
46514;0
85132;0
86872;4
96110;1
57584;1
86937;0
85298;4
32816;1
38879;2
84069;4
74639;1
27619;2
67105;0
66578;0
16552;3
77761;2
86576;1
01993;1
92718;1
95706;0
04435;1
72667;1
95519;1
33189;3
65388;1
73114;0
83259;1
71144;3
82444;1
53937;0
97852;1
08301;2
09487;1
79418;3
88281;4
36110;2
33758;2
79859;1
36381;0
96132;4
67718;1
24638;0
57392;2
66839;1
92546;1
92287;1
86511;1
61389;3
91289;1
29493;1
83530;1
91220;2
92253;2
96277;1
08289;2
63936;0
82475;4
29465;1
83458;2
91625;0
89194;1
25875;1
35641;3
94572;1
94508;4
72355;1
75328;1
78136;0
71101;3
69250;1
84337;3
97659;4
84573;4
94513;1
69436;2
96185;2
86938;0
97795;2
39218;0
08261;1
61137;0
12529;0
15566;1
66901;1
29396;2
86956;0
82296;1
08304;0
38364;1
92539;2
83137;1
74214;2
93488;1
97453;2
78141;1
95173;1
14621;2
23744;0
79650;2
72296;2
91626;1
48624;0
78112;0
82362;4
73614;2
93489;0
26419;1
63679;1
34637;3
69198;0
86529;1
74575;3
54586;0
24813;1
77978;4
77746;2
86986;1
85247;0
73525;0
73527;1
86830;3
86987;1
27252;2
90571;4
82445;1
74193;0
71409;1
65824;4
66773;3
34613;0
36318;2
41366;1
77963;4
92421;0
16341;1
28790;3
97523;1
87645;1
90596;0
74869;1
92548;1
07427;4
03139;1
92720;1
95126;2
34639;0
90592;1
92521;2
55629;3
01987;2
92447;2
97525;0
16303;4
67365;0
97421;2
97422;1
97424;4
85301;2
58332;2
88477;1
72477;1
89443;2
19053;2
19055;0
19057;4
19059;3
19061;1
19063;3
58239;1
71701;1
29593;1
86940;1
24887;2
79739;1
38179;2
74743;2
14554;2
77889;0
99846;3
17424;1
23823;1
82229;1
64342;1
77960;3
30926;1
83370;2
38723;0
82402;1
25370;4
25371;2
21217;1
21218;1
21220;1
82319;1
24814;2
38279;2
31196;1
09465;4
31319;1
02782;1
78606;1
95100;2
95152;1
63500;1
89081;1
59379;0
65618;3
67681;1
38327;0
48308;2
89250;4
48324;4
92369;1
64759;0
54455;1
74372;0
96145;4
92358;0
79350;1
27254;1
35768;1
53721;2
74936;1
57072;0
57074;1
57076;1
57078;0
57080;2
22962;1
86577;2
56427;4
24885;4
72488;4
72517;1
08121;0
67157;1
84359;3
94436;4
91245;3
52152;0
72226;4
97215;1
55618;0
75397;1
79263;0
71063;1
71065;1
71067;1
71069;2
82404;3
78224;2
35764;1
36391;3
74889;4
76547;0
53489;1
67729;1
78354;0
83139;2
59494;3
02689;0
31185;3
34320;3
79294;4
42651;1
42653;4
42655;1
42657;1
42659;0
42697;0
42699;2
42719;1
38387;1
35606;0
29614;2
29594;0
97286;3
87782;0
96242;0
94164;1
72820;1
70378;1
47665;1
87776;4
89567;2
36205;0
24966;1
08326;3
83564;1
78549;0
91174;2
54529;2
34286;1
95234;0
82447;0
56322;2
74937;1
95469;1
32139;1
71579;1
26474;4
66583;3
29365;2
31832;0
45549;0
86941;1
37444;0
09356;4
56329;0
66386;1
68789;1
79274;2
79271;0
66606;1
21680;1
21682;3
21683;0
55271;4
96187;3
29596;1
26935;2
26936;0
26937;4
92549;1
01829;1
35260;1
86391;0
31655;4
97488;0
36457;2
48703;1
97909;4
95346;1
89195;1
94375;1
85134;2
93491;0
97990;0
72181;1
79219;2
35460;0
35239;1
96135;1
79252;3
31634;4
90547;1
77790;1
94377;1
36396;0
61449;1
96361;2
08237;1
92449;4
22964;1
82297;2
79585;1
49439;1
97854;1
48565;1
33803;1
32839;2
89555;4
85643;1
29367;0
84439;1
76479;1
08432;0
91628;2
78256;4
21435;4
25795;0
32351;3
39576;2
83071;1
94569;1
75447;3
72510;1
87778;1
88719;1
96188;1
31595;0
21772;4
78333;2
23617;2
96342;0
71543;2
31638;0
63811;0
64589;1
73495;1
29597;1
52222;0
52223;1
52224;0
24890;4
24409;1
31592;2
74731;1
92721;0
87677;4
47638;1
18435;1
18437;2
18439;0
72479;3
75334;1
94315;1
15344;0
01616;0
83489;3
96129;2
24643;1
94166;0
79780;2
28816;1
92551;1
76297;1
70173;1
70174;2
70176;4
70178;0
70180;1
70182;1
70184;1
70186;1
70188;3
70190;1
70191;1
70192;1
70193;0
70195;0
70197;2
70199;0
70327;2
70329;1
70372;1
70374;1
70376;1
70435;0
70437;1
70439;2
70469;2
70499;1
70563;1
70565;0
70567;1
70569;0
70597;3
70599;1
70619;1
70629;1
08328;0
98714;2
26624;0
29556;0
18516;2
25879;1
46354;2
91484;1
98527;1
98528;2
29562;0
23867;1
27232;1
72172;1
63834;2
65843;3
66280;4
74429;2
92237;1
87477;1
79295;1
97528;1
75056;1
55286;4
97529;1
59846;1
38376;1
26903;3
31555;2
53913;2
28857;1
08548;3
89428;0
24893;3
83342;1
83373;1
86704;1
74388;2
78607;0
99897;3
22889;1
25499;1
36142;0
07922;1
73497;1
91489;1
86660;2
38479;1
25881;4
97941;1
04425;3
82024;0
84574;1
65232;1
09249;1
49545;3
93105;0
83684;0
83317;3
84576;1
48291;2
14513;1
78250;3
79331;0
78144;0
21395;1
25882;4
24817;1
96355;1
94167;2
88069;4
93158;3
93356;4
92552;0
86943;0
66987;2
09380;3
93107;1
91177;1
86470;2
92554;0
91741;1
97288;1
92637;1
97531;2
86672;1
95707;2
95199;1
66636;1
21401;2
09419;1
97289;0
97291;0
94169;1
95349;1
94136;3
38473;2
84184;2
93464;1
94113;1
75233;1
95643;0
79822;0
85135;1
94104;4
84529;0
52445;0
22965;2
79682;1
79674;3
47918;2
21442;4
21371;1
92724;2
93358;1
93455;2
83301;1
83278;0
92555;1
90619;1
29494;3
95367;2
04687;2
65468;0
93492;2
56253;1
22967;3
34388;4
91757;0
78098;3
97855;0
54290;1
54292;1
54293;0
54294;2
54295;0
54296;0
54311;1
54349;2
72818;4
53840;2
53842;2
53844;1
78647;0
95709;0
83308;1
87779;2
98596;1
96367;2
72072;1
72074;0
72076;0
38474;3
78609;2
83104;3
82299;0
86842;4
86874;1
84577;0
78532;4
82327;1
38388;2
49767;0
34477;1
27239;4
52531;1
66802;2
88662;0
83236;2
76698;1
31600;1
97532;1
17373;0
47589;4
91486;1
25889;1
29525;1
31311;1
73066;2
88690;4
79777;1
89073;3
89075;1
89077;0
89079;2
35327;1
24897;2
79224;3
88444;1
29369;4
21274;2
87781;1
88527;2
59423;1
59425;4
59427;2
82497;0
69429;1
86944;2
84339;0
74257;0
72669;1
85774;1
74199;1
82008;1
78089;0
91364;2
29345;1
89617;1
96190;1
74547;1
84579;0
97294;0
83567;0
89299;3
85716;2
91743;2
96253;2
89619;2
95369;1
07333;2
83246;0
87496;2
26670;2
73660;1
56182;1
86513;1
92289;2
97857;2
54539;3
37170;1
86514;2
88524;1
86919;3
79694;1
54579;1
71665;1
26316;2
85591;4
38159;0
49377;0
98669;4
97209;1
42549;2
42551;1
42553;0
42555;2
92355;2
84149;1
46342;1
74541;3
38458;0
27283;3
72519;1
33415;1
33775;4
91487;2
52391;1
94234;2
38690;1
96191;1
85256;4
68519;2
41747;2
41748;1
41749;0
41751;0
86946;1
78048;2
78050;1
78052;3
78054;0
78056;1
65606;1
92249;1
84186;0
94474;4
49429;1
27374;4
32602;1
46562;4
21360;1
88267;4
83569;0
79235;2
85088;4
92648;0
78147;0
72189;1
89269;4
97332;1
84106;1
78269;0
66333;0
34471;3
49599;0
38533;2
91247;4
79279;1
48691;2
24369;0
83666;2
86875;0
34590;2
96193;1
53343;1
47669;1
63607;0
55263;2
92442;1
29496;2
66687;0
59329;2
66787;0
93494;1
49419;1
68753;2
29399;1
71332;3
71334;3
71336;0
74915;2
92726;0
86579;1
97534;2
88489;2
26907;2
88639;1
93192;1
72178;0
55425;2
63857;1
51545;2
76337;1
65620;1
97295;1
88289;0
97297;1
72141;3
65529;3
74638;1
93194;1
95679;0
12625;3
04736;0
37284;4
79183;1
94065;1
84478;4
69483;0
66914;1
54320;1
95652;1
67165;1
79761;2
35647;2
89367;0
92727;4
74399;0
37445;1
86877;1
69190;0
96346;0
49134;4
66798;1
94574;0
94522;0
86757;2
82499;3
74599;1
65396;0
85469;1
85406;0
96194;0
87448;1
02799;1
85137;1
45731;1
75045;4
24997;4
37281;1
73117;1
88239;1
26434;1
26486;2
21776;1
72827;3
06318;4
38378;1
34414;1
26203;0
24646;1
48231;1
95485;1
31606;3
83627;0
59581;1
36367;2
85456;2
88447;1
97797;3
38553;1
41849;1
88142;0
54332;1
97535;3
29339;2
96196;3
86759;1
22880;0
30900;0
26826;1
31096;2
24999;2
47652;1
41844;1
94110;1
79664;1
37287;1
86517;0
63879;0
86706;0
85258;0
91746;0
89197;2
67475;1
96279;4
92557;0
93495;1
91249;1
91629;0
92729;3
84107;0
86947;4
79576;3
71263;1
71093;1
63937;2
35781;1
72367;2
91365;0
88171;0
53919;1
79809;1
35789;3
61276;0
91744;3
35096;1
99423;1
99425;1
99427;1
35796;0
67366;1
76356;3
88250;1
69469;1
74189;3
71384;2
76599;1
91085;1
67256;3
66709;1
96260;1
71287;1
71554;3
74679;0
95237;4
37299;0
96369;2
91781;1
91367;1
95163;3
56575;1
79367;1
57586;0
56191;0
64331;1
87480;2
96479;0
21261;0
78669;1
91809;2
59514;2
03119;0
86650;0
38176;4
90530;1
57482;3
21403;3
73240;2
84187;0
30974;3
25996;2
93173;1
97956;1
58791;1
59457;0
42929;1
04779;1
92533;1
59368;1
97440;1
87497;2
97877;4
33824;0
46483;1
46485;0
46487;2
29392;2
50389;4
82234;1
82405;4
29599;0
87679;2
24259;0
72589;3
87784;1
49492;2
24784;3
26655;0
89198;0
73463;3
67368;1
91747;0
26810;1
35435;1
35083;0
58300;1
48493;0
91631;1
85139;3
35576;4
35578;2
35579;0
35580;4
35581;1
35582;0
35583;4
35584;2
35585;2
35586;2
25599;1
83629;1
38554;2
28844;1
58739;1
74259;2
37447;2
79695;1
31719;2
85259;3
86879;2
26215;1
51674;1
82407;1
29342;0
29568;1
75446;1
79697;1
95676;4
65183;0
65185;2
65187;2
65189;0
65191;4
65193;1
65195;1
65197;2
65199;1
65201;2
65203;0
65205;3
65207;1
63831;2
69257;1
86519;2
94344;2
93109;1
91369;2
97353;1
91346;3
91632;1
79699;3
69168;3
26639;1
97859;1
49835;1
29323;3
31613;1
29649;1
87487;3
91634;1
15745;2
72218;1
38709;0
93359;2
27793;0
97772;1
87499;3
82409;1
88271;4
69259;4
26382;1
26384;0
26386;2
26388;1
26389;0
96352;2
91452;0
08112;3
34439;0
47877;0
34508;0
34628;4
93497;2
56594;3
77731;1
57234;1
49849;1
54459;1
71299;1
54457;2
86949;1
25729;4
51570;0
91635;4
79297;0
53578;1
92670;1
94575;1
91575;1
21789;1
84543;1
90610;2
92559;2
25887;3
56333;1
67722;2
29308;1
73650;1
89368;1
59955;1
72474;0
87785;1
67587;0
54616;2
54487;2
31088;4
94577;2
97537;0
51688;3
56422;3
21737;1
91749;1
58452;4
58453;1
58454;4
58455;0
58456;0
09228;1
84384;1
02997;3
29378;4
29379;1
79599;0
38329;3
79299;2
37213;0
37214;1
37215;2
37216;2
37218;1
22969;1
24899;4
35288;2
25797;1
88364;1
38300;2
38302;1
38304;0
86709;1
87787;1
34466;2
91639;0
38440;2
38442;1
38444;0
38446;0
38448;4
72649;3
17438;1
08399;2
61206;2
85283;4
74549;1
88284;2
31556;0
38379;1
15569;4
29497;1
31099;1
97539;0
96197;2
87789;2
67547;1
67549;4
67550;0
67551;1
72299;4
91637;1
73499;1
63939;1
84109;3
85457;0
93086;4
82237;2
27638;0
29559;2
29565;1
25799;1
42489;2
21445;4
37199;0
95632;1
31515;1
42103;1
42105;1
42107;0
42109;2
42111;1
42113;0
42115;3
42117;3
42119;1
42275;1
42277;2
42279;1
42281;1
42283;2
42285;0
42287;0
42289;0
42327;0
42329;0
42349;4
42369;1
42389;0
42399;1
84329;4
75449;1
78573;1
84189;3
52146;1
97070;1
97072;1
97074;1
97076;1
97078;2
97080;1
97082;1
97084;0
29462;0
79879;1
79793;4
79369;1
46509;2
74374;1
93499;0
96199;0
97475;1
67378;0
93197;0
97799;2
56856;0
73119;1
77736;1
79669;1
93199;1
95239;1
97299;1
98544;2
97225;3
54313;0
94579;0
39261;3
29499;1
26340;1
15738;1
86473;0
34289;1
89446;1
72369;1
78658;1
18374;2
17454;1
90513;0
09517;1
37449;2
85604;2
89447;2
08321;0
53909;2
86441;2
74939;0
04442;1
08056;1
08058;2
08060;1
08062;1
08064;4
08066;2
88529;4
64673;4
69439;0
08297;2
08267;1
